顾客搜索词,关键词,展示量,点击量,点击率,总成本 (AUD),CPC (AUD),购买量,销售额 (AUD),ACOS,ROAS,购买率
bluetooth pillow speaker,close-match,2,1,0.5000,0.58,0.58,1,35.99,0.0161,62.05172413793104,1.0000
luvryon pillow speaker,close-match,1,1,1.0000,0.02,0.02,1,35.99,0.0006,1799.5,1.0000
pillow sleeper speaker,close-match,1,1,1.0000,0.54,0.54,1,35.99,0.0150,66.64814814814815,1.0000
pillow speaker,close-match,266,3,0.0113,1.72,0.57,1,35.99,0.0478,20.924418604651166,0.3333
portable bluetooth speakers under pillow,loose-match,2,1,0.5000,0.49,0.49,1,29.99,0.0163,61.20408163265306,1.0000
sleep speaker,close-match,6,1,0.1667,0.57,0.57,0,0,0,0,0
speaker pillow,close-match,2,1,0.5000,0.55,0.55,1,35.99,0.0153,65.43636363636364,1.0000
under pillow speaker bluetooth,close-match,10,1,0.1000,0.51,0.51,1,29.99,0.0170,58.803921568627445,1.0000
under pillow speakers,close-match,2,1,0.5000,0.56,0.56,0,0,0,0,0